A bag of,Una bolsa de,"A container made of flexible material, used for holding or carrying items.",I bought a bag of apples.
A bar of,Una barra de,"A long, narrow piece of solid material, often used for food or construction.",He ate a bar of chocolate.
A bottle of,Una botella de,"A container, typically made of glass or plastic, used for holding liquids.",She drank a bottle of water.
A box of,Una caja de,"A container with flat sides and a lid, used for storing or transporting items.",He received a box of chocolates.
A can of,Una lata de,A cylindrical metal container used for storing food or drinks.,I opened a can of soda.
A few,Unos pocos / Unas pocas,A small number of something.,I have a few friends coming over.
A jar of,Un frasco de,"A cylindrical container with a wide mouth, used for storing food or other items.",I have a jar of honey.
A little,Un poco de,A small amount of something.,I need a little sugar for my coffee.
A loaf of,Una barra de,A shaped mass of bread that is baked in one piece.,I bought a loaf of bread.
A lot,Mucho / Mucha,A large quantity of something.,She has a lot of books.
A pack of,Un paquete de,A collection of items wrapped or boxed together.,She bought a pack of gum.
A tube of,Un tubo de,"A long, hollow cylinder used for holding substances like toothpaste or paint.",I need a tube of toothpaste.
About,Sobre / Acerca de,Concerning or relating to a particular subject.,We talked about the movie.
Accept,Aceptar,To agree to receive or undertake something offered.,She decided to accept the job offer.
According to,Según,Used to indicate the source of information or opinion.,"According to the report, sales have increased."
Accoss,A través de / Al otro lado de,Indicates movement from one side to another.,She swam across the river.
Actor,Actor,"A person who performs in plays, movies, or television shows.",The actor won an award for his performance.
Add,Añadir,To include something additional.,Please add your name to the list.
Address,Dirección,The location of a person or organization.,Please write down your address for the delivery.
Adsent,Ausente,Not present in a place or situation.,He was absent from the meeting.
Advice,Aconsejar,To give recommendations or suggestions.,I advise you to study for the exam.
Affirmative,Afirmativo,A statement that expresses agreement or confirmation.,The answer is affirmative; we will attend the meeting.
After shave lotion,Loción para después del afeitado,A lotion applied to the skin after shaving to soothe and moisturize.,He uses after shave lotion to prevent irritation.
Alarm clock,Reloj despertador,A clock that is designed to wake a person at a specific time.,I set my alarm clock for 6 AM.
All,Todo,The whole quantity or extent of a particular group or thing.,She ate all the cookies in the jar.
All right,Muy bien / Está bien,A phrase used to express agreement or acceptance.,"""Can we start the meeting now?"" ""All right."""
Along,A lo largo de,Used to indicate movement from one end to the other of something.,We walked along the beach.
Alphabet,Alfabeto,A set of letters or symbols in a fixed order used to represent the basic sounds of a language.,The English alphabet has 26 letters.
Anger,Enojo,A strong feeling of displeasure.,He felt a surge of anger when he heard the news.
Angry,Enojado,Feeling or showing strong displeasure or annoyance.,She is angry about the delay.
Answer,Respuesta,A response to a question or situation.,I gave the correct answer to the question.
Answering machine,Contestador automático,A device that records messages from callers when the recipient is unavailable.,He checked the messages on his answering machine.
Anxiety,Ansiedad,A feeling of worry or fear.,She felt a wave of anxiety before the exam.
Any,Cualquier / Algún / Alguna,An indefinite pronoun used to refer to one or more unspecified things or people.,Do you have any questions?
Anyway,De todas formas / De todos modos,Used to indicate a change of subject or to return to a previous topic.,"Anyway, let's get back to the main point."
Appel pie,Tarta de manzana,A dessert made with a pastry crust and a filling of apples.,She baked a delicious apple pie for dessert.
Apple,Manzana,"A round fruit with red, green, or yellow skin and a sweet or tart flavor.",I ate an apple as a snack.
Appointment book,Agenda,A book used to keep track of appointments and schedules.,She wrote down her meetings in the appointment book.
April,Abril,The fourth month of the year.,April is known for its rain.
Architect,Arquitecto,A person who designs buildings and oversees their construction.,The architect designed a beautiful house.
Are there any apples in the stand?,¿Hay algunas manzanas en el puesto?,Used to ask if there are any apples present.,Are there any apples in the stand?
Arm chair,Sillón,A comfortable chair with side supports for a person's arms.,I like to read books in my armchair.
Around,Alrededor de,Indicates movement in a circular direction or surrounding something.,They walked around the park.
Artist,Artista,"A person who creates art, such as paintings, drawings, or sculptures.",The artist painted a beautiful landscape.
Ask,Preguntar,To request information or an answer to a question.,Can I ask you a question about your project?
At,En / A,A preposition used to indicate a specific location or time.,I will meet you at the park.
At home,En casa,In one's place of residence.,I feel comfortable at home.
Attention,Atención,The act of focusing on something.,Please pay attention to the instructions.
Auditorium,Auditorio,"A large room or hall used for public gatherings, performances, or lectures.",The concert was held in the auditorium.
August,Agosto,The eighth month of the year.,August is usually hot.
Aunt,Tía,The sister of one's parent.,My aunt is very supportive.
Autumn,Otoño,The season between summer and winter.,The leaves change color in autumn.
Average,Promedio,A number expressing the central or typical value in a set of data.,The average score on the test was 85.
Awake,Despierto,Not sleeping; open eyes and alert.,I was awake all night studying for the exam.
Baby,Bebé,A very young child or infant.,The baby is sleeping.
Back yard,Patio trasero,The area of land behind a house.,The back yard is perfect for barbecues.
Bag,Bolsa,"A flexible container made of plastic, paper, or fabric, used for carrying items.",I put my groceries in a bag.
Baked potatoes,Papas al horno,Potatoes that have been cooked in an oven until soft.,He served baked potatoes with sour cream and chives.
Baker,Panadero,"A person who makes and sells bread, cakes, and pastries.",The baker baked fresh bread this morning.
Bald,Calvo,Lacking hair on the scalp.,The bald man is my uncle.
Banana,Plátano / Banana,"A long, curved fruit with a yellow peel and soft, sweet flesh.",I like to eat a banana for breakfast.
Bathing suit,Traje de baño,"A garment worn for swimming, typically consisting of a one-piece or two-piece outfit.",She wore a bathing suit at the pool.
Bathrode,Bata de baño,A loose robe worn before or after bathing.,He put on his bathrobe after the shower.
Be careful,Tener cuidado,To take precautions to avoid danger or mistakes.,Be careful when crossing the street.
Beach,Playa,A sandy or pebbly shore by a body of water.,We went to the beach for vacation.
Beautiful,Hermoso / Hermosa,Pleasing the senses or mind aesthetically.,The beautiful flowers are blooming.
Bed,Cama,A piece of furniture for sleeping or resting.,I sleep in my bed at night.
Bed linen,Ropa de cama,"The sheets, pillowcases, and blankets used on a bed.",She bought new bed linen for her bedroom.
Bedspread,Cubrecama,A decorative covering for a bed.,The bedspread has a beautiful pattern.
Beef,Carne de res,"The meat from cattle, commonly used in cooking.",They grilled some beef steaks for dinner.
Beer,Cerveza,An alcoholic beverage made from fermented grains.,He enjoys drinking a cold beer on a hot day.
Before,Antes de,Earlier than a particular time or event.,Finish your homework before dinner.
Behind,Detrás de,Indicates a position at the back of something.,The garden is behind the house.
Beige,Beige,A light brownish-yellow color.,The walls of the house are painted beige.
Believe,Creer,To accept something as true or real.,I believe in the power of positive thinking.
Bet,Apuesta,To say you think something will happen and risk money or something else on it.,I made a bet with my friend on the game.
Big,Grande,"Of considerable size, extent, or intensity.",The big dog barked loudly.
Bike,Bicicleta,A vehicle with two wheels that is powered by pedaling.,She rides her bike to school every day.
Bill,Cuenta,A statement of money owed for goods or services.,The waiter brought the bill after we finished our meal.
Black,Negro,The color of darkness.,Black is often associated with elegance.
Blanket,Manta,A large piece of fabric used to keep warm.,She wrapped
Blonde,Rubio,Having light-colored hair.,The blonde girl is my sister.
Blue,Azul,The color of the sky and the ocean.,The sky is blue.
Board,Pizarra / Tabla,A flat surface used for writing or displaying information.,The teacher wrote on the board.
Boat,Barco,A vessel used for traveling on water.,They rented a boat for a day on the lake.
Boiled potatoes,Papas hervidas,Potatoes that have been cooked in boiling water until tender.,She served boiled potatoes as a side dish.
Book,Libro,A set of written or printed pages bound together.,I am reading a book.
Bookshelf,Estantería,A piece of furniture with horizontal shelves for storing books.,He organized his books on the new bookshelf.
Boots,Botas,"A type of footwear that covers the foot and ankle, and sometimes extends up the leg.",She wore her new boots in the snow.
Boss,Jefe,A person in charge of a worker or organization.,The boss called a meeting.
Bottle,Botella,"A container, typically made of glass or plastic, used for holding liquids.",I drank water from a bottle.
Bowl,Tazón / Cuenco,"A round, deep dish used for holding food or liquids.",I ate soup from a bowl.
Box,Caja,"A container with flat sides and a lid, used for storing or transporting things.",The box is full of books.
Box of tissues,Caja de pañuelos,A container filled with tissues for personal use.,He grabbed a tissue from the box of tissues.
Boy,Niño,A male child.,The boy is playing soccer.
Bra,Sostén / Sujetador,A piece of clothing worn by women to support the breasts.,She bought a new bra.
Bread,Pan,"A staple food made from flour, water, and yeast, usually baked.",I like to eat bread with butter.
Breakfast,Desayuno,"The first meal of the day, usually eaten in the morning.",I like to have eggs and toast for breakfast.
Brick,Ladrillo,A rectangular block used for building walls and structures.,The house is made of brick.
Bricklayer,Albañil,A person who builds walls and structures using bricks.,The bricklayer is constructing a new house.
Brickman,Repartidor de ladrillos,A person who delivers bricks to construction sites.,The brickman delivered the bricks early in the morning.
Bright,Brillante / Luminoso,Emitting or reflecting a lot of light; vivid in color.,The sun is very bright today.
Broccoli,Brócoli,"A green vegetable with a tree-like structure, rich in vitamins and minerals.",She steamed broccoli as a healthy side dish.
Brother,Hermano,A male sibling.,My brother is very funny.
Brown,Marrón,The color of chocolate and coffee.,The dog is brown.
Building,Edificio,"A structure with a roof and walls, such as a house or factory.",The new building is very tall.
Bulletin board,Tablón de anuncios,A board for posting notices and information.,The school posted the event on the bulletin board.
Bureau,Tocador / Cómoda,A piece of furniture with drawers for storing clothes.,She keeps her clothes in the bureau.
Bus,Autobús,A large motor vehicle used for transporting passengers.,The bus is late today.
Butcher,Carnicero,A person who sells meat.,The butcher prepared a special cut of meat.
Butter,Mantequilla,A dairy product made from churning cream or milk.,I spread butter on my toast.
Buy,Comprar,To acquire something in exchange for money.,I want to buy a new car.
Cafeteria,Cafetería,"A place where food and drinks are served, often in a school or workplace.",We had lunch in the cafeteria.
Cage,Jaula,A structure made of bars or wires in which animals are kept.,The bird is in the cage.
Call,Llamar,To make a phone call or shout out to someone.,I will call you later this evening.
Can (auxiliary verb),Poder (verbo auxiliar),"Used to express ability, possibility, or permission.",She can swim very well.
Canned food,Comida enlatada,Food that has been preserved in a sealed can.,He keeps canned food in the pantry for emergencies.
Capitalize,Poner en mayúscula,To write or print in capital letters.,Please capitalize the first letter of each sentence.
Car,Coche / Auto,A vehicle used for transportation.,I drive my car to work every day.
Card file,Archivador de tarjetas,A box or drawer used to store index cards.,She organized her recipes in a card file.
Carpenter,Carpintero,A person who builds and repairs wooden structures.,The carpenter made a new table.
Carpet,Alfombra,A floor covering made of thick woven fabric.,The carpet in the living room is very soft.
Carry,Llevar,To hold or transport something from one place to another.,She carries a bag to school.
Cat,Gato,An animal that lives with people and likes to be alone.,My cat enjoys sleeping in the sun.
Catch,Atrapar,To capture or seize something that is moving.,He can catch the ball easily.
Caviar,Caviar,A delicacy consisting of salt-cured fish eggs.,They enjoyed caviar as an appetizer.
Ceiling,Techo,The upper interior surface of a room.,The ceiling is painted white.
Cereal,Cereal,"A breakfast food made from processed grains, often eaten with milk.",I eat cereal for breakfast.
Chair,Silla,"A piece of furniture for sitting, typically with a back and four legs.",I sat on the chair at the dining table.
Champagne,Champán,A sparkling wine produced in the Champagne region of France.,They celebrated with a bottle of champagne.
Change,Cambiar,To make or become different.,I want to change my hairstyle.
Cheap,Barato,Low in price; inexpensive.,The cheap shoes are on sale.
Checked,A cuadros,A pattern consisting of squares in alternating colors.,He is wearing a checked shirt.
Cheese,Queso,A dairy product made from curdled milk.,I like to eat cheese with crackers.
Cheesecake,Pastel de queso,A dessert made with a crust and a creamy cheese filling.,She baked a delicious cheesecake for the party.
Chest of drawers,Cajonera,A piece of furniture with multiple drawers for storage.,He organized his socks in the chest of drawers.
Chicken,Pollo,A domesticated bird raised for its meat and eggs.,We had chicken for dinner.
Child,Hijo/a,A son or daughter.,My child is my greatest joy.
Children,Niños / Niñas,Young human beings below the age of puberty.,The children are playing in the park.
Chips,Papas fritas (bolsa),"Thin slices of potato that are deep-fried or baked until crispy, often sold in bags.",She bought a bag of chips for the party.
Chocolate cake,Pastel de chocolate,A dessert made with chocolate-flavored cake layers and frosting.,He ordered a chocolate cake for his birthday.
Christmas,Navidad,"A holiday celebrated on December 25th, commemorating the birth of Jesus Christ.",We exchange gifts on Christmas.
Clam chowder,Sopa de almejas,"A creamy soup made with clams, potatoes, and onions.",She ordered clam chowder at the seafood restaurant.
Classroom,Aula / Salón de clases,A room where teaching and learning take place.,The students are in the classroom.
Climb,Escalar,"To go up or ascend, especially using the hands and feet.",They will climb the mountain tomorrow.
Closet,Armario,A small room or space for storing clothes and other items.,She hung her dresses in the closet.
Clothes dryer,Secadora de ropa,A machine used to dry clothes after washing.,I put my wet clothes in the clothes dryer.
Coat,Abrigo,A warm piece of clothing we wear over other clothes.,I wear a warm coat in the winter.
Coffee table,Mesa de centro,A low table typically placed in front of a sofa.,We put the magazines on the coffee table.
Cold,Frío,Having a low temperature; not warm.,The cold weather requires a jacket.
Cold drink,Bebida fría,A beverage that is served chilled or cold.,I like to drink a cold drink on a hot day.
College,Universidad / Colegio,An educational institution that offers higher education and degrees.,She is studying at college.
Comb,Peine,A tool used to arrange and style hair.,He used a comb to fix his hair.
Come back,Regresar / Volver,To return to a place.,She will come back home later.
Comedy,Comedia,A genre of film or television that is intended to be humorous.,We watched a comedy movie last night.
Comfortable,Cómodo,Providing physical ease and relaxation.,The comfortable chair is perfect for reading.
Complete,Completar,To finish or fill in all the parts of something.,Please complete the form with your information.
Computer,Computadora,An electronic device for storing and processing data.,I use my computer for work.
Computer programmer,Programador de computadoras,A person who writes and tests code for computer software.,The computer programmer developed a new app.
Consonant,Consonante,"A speech sound that is not a vowel, typically produced by obstructing airflow in the vocal tract.","The letter ""B"" is a consonant."
Cook,Cocinero,A person who prepares and cooks food.,The cook made a delicious meal.
Correction fluid,Corrector líquido,A liquid used to cover mistakes made in writing.,He used correction fluid to fix the error on the paper.
Cotton,Algodón,"A soft, fluffy fiber that grows in a boll around the seeds of cotton plants.",The shirt is made of cotton.
Cousin,Primo/a,The child of one's uncle or aunt.,My cousin is very friendly.
Crab,Cangrejo,"A crustacean with a hard shell and pincers, often found in the sea.",They caught a large crab while fishing.
Cradle,Cuna,"A small bed for a baby, typically on rockers or springs.",The baby sleeps in a cradle.
Cream,Crema,A pale yellowish-white color.,She wore a cream-colored dress to the wedding.
Cultivate,Cultivar,To prepare and use land for growing crops or plants.,They cultivate vegetables in their garden.
Cup,Taza,A small container used for drinking hot beverages.,She drank tea from a cup.
Curly,Rizado,Having a spiral or twisted shape.,The curly hair is beautiful.
Curtain,Cortina,A piece of fabric used to cover windows or separate spaces.,The curtain is drawn to block the sunlight.
Dad,Papá,A male parent.,My dad is very hardworking.
Dance,Bailar,To move rhythmically to music.,They dance at parties.
Dark green,Verde oscuro,A deep shade of green.,The forest is filled with dark green trees.
Daughter,Hija,A female child of one's parent.,My daughter is very intelligent.
Day,Día,A period of 24 hours; the time between sunrise and sunset.,I work during the day.
December,Diciembre,The twelfth month of the year.,Christmas is in December.
Delicious,Delicioso,Having a very pleasant taste or flavor.,The cake she baked was delicious.
Describe,Describir,To give an account of something in words.,Can you describe the painting?
Diamond,Diamante,A precious gemstone known for its hardness and brilliance.,She received a diamond ring.
Dictionary,Diccionario,A reference book containing words and their meanings.,I looked up the word in the dictionary.
Diet,Dieta,"The kinds of food that a person, animal, or community habitually eats.",She follows a vegetarian diet for health reasons.
Diet soda,Refresco dietético,A carbonated soft drink that is low in calories and sugar.,He prefers to drink diet soda instead of regular soda.
Different,Diferente,Not the same as another or each other.,My car is different from yours.
Dig,Cavar,To break up and move soil or earth.,He digs a hole in the ground.
Dinner,Cena,"The main meal of the day, usually eaten in the evening.",We had a delicious dinner at the new restaurant.
Directions,Direcciones,Instructions on how to get to a specific place.,Can you give me directions to the nearest gas station?
Director,Director,"A person who supervises the creative aspects of a film, play, or television production.",The director won an award for the movie.
Dish,Plato,"A flat, round object used for serving or eating food.",I put my food on a clean dish.
Dishwasher,Lavavajillas,A machine used for washing dishes automatically.,The dishwasher saved us a lot of time after dinner.
Disk drive,Unidad de disco,A device used to read and write data on a disk.,He saved the file to the disk drive.
Disk jockey,Disc jockey / DJ,A person who plays recorded music for an audience.,The disk jockey played popular songs at the party.
Do,Hacer,To perform an action or task.,I do my homework every day.
Do something together,Hacer algo juntos,To engage in an activity with someone else.,They like to do things together on weekends.
Do you work in the morning?,¿Trabajas por la mañana?,To ask if someone works during the morning hours.,"Yes, I work in the morning."
Doctor,Doctor / Médico,A person who is qualified to practice medicine.,The doctor examined the patient.
Dog,Perro,An animal that lives with people and is friendly and loyal.,My dog loves to play fetch.
Doll,Muñeca,"A small model of a human figure, often used as a child's toy.",The little girl is playing with her doll.
Don't,No,A word used to indicate negation or prohibition.,Don't forget to bring your book.
Double,Doblar,To fold or bend something in half.,She doubles the paper to make a card.
Down,Abajo,Indicates a lower position or direction.,The ball rolled down the hill.
Dress,Vestido,A one-piece garment for women or girls that covers the body and extends down over the legs.,She is wearing a beautiful dress.
Dresser,Tocador / Cómoda,A piece of furniture with drawers for storing clothes.,She keeps her clothes in the dresser.
Drink,Beber,To consume a liquid.,They like to drink water after exercising.
Drink,Beber,To consume a liquid.,They like to drink water after exercising.
Drink,Beber,To consume a liquid.,They like to drink water after exercising.
Drive,Conducir,To operate and control the direction of a vehicle.,He will drive to the city tomorrow.
Each,Cada,Every one of two or more people or things considered individually.,Each student has a book.
Ear,Oreja,The organ of hearing and balance in humans and animals.,She wore earrings on her ears.
Earth,Tierra,"The third planet from the Sun, home to all known life.",We live on planet Earth.
Egg,Huevo,"A round or oval object laid by female birds, reptiles, and fish, containing a developing embryo.",I had a boiled egg for breakfast.
Either,Cualquiera de los dos,Used to indicate a choice between two alternatives.,You can choose either the red or the blue one.
Electric razor,Afeitadora eléctrica,"A device used for shaving hair, powered by electricity.",He uses an electric razor for a quick shave.
Electrician,Electricista,A person who installs and maintains electrical systems.,The electrician fixed the wiring in the house.
Elephant,Elefante,"A large mammal with a trunk, tusks, and large ears, native to Africa and Asia.",The elephant is the largest land animal.
Empty,Vacío,Containing nothing; not filled or occupied.,The empty bottle needs to be recycled.
End,Fin / Terminar,The final part of something; to bring to a conclusion.,The movie has a happy end. / Please end the meeting.
Ending,Final,The conclusion or last part of something.,The movie had a happy ending.
Engagement,Compromiso,A formal agreement to get married.,They announced their engagement last week.
Enjoy,Disfrutar,To take pleasure in something.,They enjoy going to the beach.
Enough,Suficiente,An adequate amount or quantity.,I have had enough food.
Erarrings,Aretes / Pendientes,Decorative items worn on the ears.,She bought new earrings for the party.
Eraser,Borrador / Goma de borrar,A small object used to remove pencil marks from paper.,He used an eraser to fix his mistake.
Event,Evento,"An occurrence or happening, often of significance.",The concert was a memorable event.
Example,Ejemplo,A specific instance or case used to illustrate a concept or idea.,The teacher gave an example to explain the lesson.
Excitement,Emoción,A feeling of great enthusiasm and eagerness.,The children were filled with excitement on Christmas morning.
Exercise,Ejercicio,An activity that requires physical effort to improve health and fitness.,He goes for a run as part of his exercise routine.
Expensive,Caro,Costing a lot of money.,The expensive watch is a luxury item.
Eye,Ojo,The organ of sight in humans and animals.,His eye is blue.
Family,Familia,A group of related people.,My family is very important to me.
Fan,Ventilador,A device that creates a current of air for cooling or ventilation.,I turned on the fan to cool down the room.
Far,Lejos,Indicates a great distance from a point.,The mountains are far from the city.
Farewell,Despedida,An act of saying goodbye.,We had a farewell party for our colleague.
Farmer,Granjero,A person who owns or manages a farm.,The farmer grows vegetables and raises animals.
Father,Padre,A male parent.,My father is very kind.
February,Febrero,The second month of the year.,Valentine's Day is in February.
Feet,Pies,The lower extremities of the legs.,My feet are tired after a long day of walking.
File,Archivo,A collection of documents or data stored together.,She kept important documents in a file.
File cabinet,Archivador,A piece of furniture used to store files and documents.,He organized his paperwork in the file cabinet.
Find,Encontrar,To locate or discover something.,I need to find my keys.
Finish,Terminar,To complete or bring to an end.,She will finish her homework soon.
Fire,Fuego,The process of combustion that produces heat and light.,We sat by the fire to keep warm.
Firemen,Bomberos,People who are trained to extinguish fires.,The firemen arrived quickly to put out the fire.
Fireplace,Chimenea,"A structure for containing a fire, typically made of brick or stone.",The fireplace adds warmth to the room.
Fish,Pescar,"To catch fish, typically for food or sport.",He likes to fish on weekends.
Fish and chips,Pescado con papas fritas,A dish consisting of fried fish and deep-fried potato slices.,They enjoyed fish and chips at the seaside restaurant.
Fisherman,Pescador,A person who catches fish for a living or as a hobby.,The fisherman caught a big fish.
Fix,Arreglar,To repair or mend something that is broken.,He fixes his bike when it is damaged.
Flag,Bandera,"A piece of cloth with a distinctive design, used as a symbol or emblem.",The flag is waving in the wind.
Flight attendant,Auxiliar de vuelo,A person who assists passengers on an airplane.,The flight attendant served drinks during the flight.
Floor,Piso / Suelo,The lower surface of a room on which one stands.,She cleaned the floor with a mop.
Flower,Flor,A colorful plant often given as a gift.,I received a beautiful flower for my birthday.
Following,Siguiente,Coming after or next in order.,"The following day, we went to the beach."
Food,Comida,Something people or animals eat to live and be healthy.,I love trying new types of food.
Foot,Pie,The lower extremity of the leg below the ankle.,My foot hurts after walking all day.
Fork,Tenedor,A utensil with prongs used for eating or serving food.,She used a fork to eat her salad.
Form,Formulario,A document with blank spaces for information to be filled in.,Please fill out this form.
Fresh,Fresco / Fresca,"Something that is recently made, obtained, or harvested.",I bought fresh vegetables from the market.
Friday,Viernes,The fifth day of the week.,We will have a party on Friday.
Fried potatoes,Papas fritas,Potatoes that have been cut into strips and deep-fried until crispy.,They enjoyed fried potatoes with ketchup.
Friend,Amigo/a,A person you like and trust.,My friend and I go to the park together.
Front,Frente,The forward part or surface of something.,The front of the building is painted blue.
Front yard,Patio delantero,The area of land in front of a house.,The front yard has beautiful flowers.
Frozen food,Comida congelada,Food that has been preserved by freezing.,He bought frozen food for quick meals.
Full,Completo,Containing all parts or elements; not lacking anything.,The glass is full of water.
Full name,Nombre completo,A person's first name and last name together.,My full name is Italo Morales Fantone.
Future,Futuro,The time that is yet to come.,She is excited about her future plans.
Game,Juego,Something you do for fun or competition.,We played a board game last night.
Gardener,Jardinero,A person who tends and cultivates a garden.,The gardener planted new flowers.
Get,Obtener,To come into possession of something.,She will get a new car for her birthday.
Get dressed,Vestirse,To put on clothes.,She needs to get dressed for the party.
Get married,Casarse,To enter into a legal marriage.,They plan to get married next summer.
Get up,Levantarse,To rise from bed or a seated position.,I usually get up at 7 AM.
Gift,Regalo,Something given to someone without expecting anything in return.,I bought a gift for my friend's birthday.
Girl,Niña,A female child.,The girl is playing with her toys.
Girlfriend,Novia,A female partner in a romantic relationship.,He introduced his girlfriend to his family.
Glass,Vaso,A container used for drinking liquids.,He drank water from a glass.
Glass of,Vaso de,A container made of glass used for drinking liquids.,She poured a glass of water for herself.
Globe,Globo,A spherical representation of the Earth or other celestial body.,The globe shows all the countries.
Go,Ir,To move from one place to another.,They go to school every day.
Go home,Ir a casa,To return to one's place of residence.,"After work, I will go home."
Go out,Salir,"To leave a place, especially to socialize.",They will go out for dinner tonight.
Gold,Oro,A precious yellow metal used for making jewelry and coins.,She wears a gold necklace.
Golden,Dorado,The color of gold.,The ring is golden.
Good,Bueno,Having desirable qualities; satisfactory.,The good book was a bestseller.
Good boy,Buen chico,"A phrase used to praise or encourage someone, often a child or pet.","The dog wagged its tail when it heard ""Good boy."""
Good job,Buen trabajo,A phrase used to praise someone for their effort or achievement.,"She received a ""Good job!"" from her teacher for her project."
Grammar,Gramática,The set of rules that govern the structure of sentences in a language.,The student is learning English grammar.
Grandfather,Abuelo,The father of one's parent.,My grandfather is very wise.
Grandmother,Abuela,The mother of one's parent.,My grandmother is very caring.
Grapes,Uvas,"Small, round fruits that grow in clusters on vines.",I like to eat grapes as a snack.
Grass,Césped / Hierba,A green plant that covers the ground in lawns and fields.,The children played on the grass in the park.
Gray,Gris,The color of ashes and clouds.,The sky is gray today.
Great,Genial / Estupendo,Something that is very good or impressive.,We had a great time at the party.
Green,Verde,The color of grass and leaves.,The grass is green.
Greetings,Saludos,Words or phrases used to acknowledge someone's presence or arrival.,"Common greetings include ""Hello"" and ""Good morning."""
Grey,Gris,A color that is a mix of black and white.,The cat has grey fur.
Grocery store,Tienda de comestibles / Supermercado,A place where food and other household items are sold.,I went to the grocery store to buy vegetables.
Group,Grupo,"A number of people or things that are located, gathered, or classed together.",We are working in a group.
Hair,Cabello / Pelo,The fine thread-like strands growing from the skin of humans and animals.,She has long hair.
Hair drier,Secador de pelo,An electrical device used to blow air to dry hair.,She used a hair dryer to dry her hair quickly.
Hair dryer,Secador de pelo,An electrical device used to blow air to dry hair.,She used a hair dryer to dry her hair quickly.
Hairbrush,Aerógrafo / Cepillo para el cabello,A tool used to style and smooth hair.,She used a hairbrush to detangle her hair.
Hairdresser,Peluquero / Peluquera,A person who cuts and styles hair.,The hairdresser gave me a new haircut.
Ham,Jamón,"Meat from the hind leg of a pig, typically cured or smoked.",She served ham sandwiches for lunch.
Hamburguer meat,Carne para hamburguesa,Ground beef used to make hamburgers.,She cooked hamburguer meat for the barbecue.
Hanger,Percha / Gancho,A device used to hang clothes.,He hung his coat on the hanger.
Happy,Feliz,Feeling or showing pleasure or contentment.,She is happy with her new job.
Has,Tiene,"Third person singular form of ""have.""",She has a cat.
Hate,Odio,A strong feeling of dislike.,I hate waiting in long lines.
Have,Tener,To possess or own something.,I have a car.
Have lunch,Almorzar,To eat a midday meal.,We usually have lunch at noon.
He,Él,Personal pronoun used to refer to a male individual.,He is my brother.
He's sipping cold drinks,Él está bebiendo bebidas frías a sorbos.,To drink a liquid slowly in small amounts.,He's sipping cold drinks by the pool.
He's so smart,Él es muy inteligente,A phrase used to compliment someone's intelligence.,"""He's so smart,"" she said about her brother."
Head,Cabeza,"The upper part of the body that contains the brain, eyes, ears, nose, and mouth.",He hit his head on the door.
Head board,Cabecera,The upright part at the head of a bed.,She decorated the headboard with pillows.
Heavy,Pesado,Of great weight; difficult to lift or move.,The heavy box is hard to carry.
Heeled shoe,Zapato de tacón,"A type of shoe with a raised heel, typically worn by women.",She wore heeled shoes to the party.
Height,Altura,The measurement of someone or something from base to top.,Her height is 5 feet 6 inches.
Her,Su(s) - de ella,A possessive adjective used to indicate ownership or association with a female individual.,That is her book.
Here,Aquí,Indicates a location close to the speaker.,The book is here on the table.
Here you are,Aquí tienes,A phrase used when giving something to someone.,"Here you are, your coffee."
High,Alto,Having a great vertical extent.,The building is very high.
Hike,Caminar / Hacer senderismo,"To take a long walk, especially in nature.",We will hike in the mountains this weekend.
His,Su(s) - de él,A possessive adjective used to indicate ownership or association with a male individual.,That is his house.
Hobbies,Pasatiempos,Activities done for enjoyment during free time.,Her hobbies include painting and hiking.
Hole puncher,Perforadora,A device used to make holes in paper for filing.,She used a hole puncher to prepare the documents for the binder.
Holiday,Vacaciones,A period of time spent away from work or school for rest or travel.,We are going on holiday to the beach next month.
Honey,Miel,"A sweet, viscous substance produced by bees from flower nectar.",I like to add honey to my tea.
Hope,Esperanza,A feeling that something good will happen.,I have hope for a better future.
Horse,Caballo,A large domesticated animal used for riding and work.,She loves to ride her horse on weekends.
Hot,Caliente,Having a high temperature.,The hot soup burned my tongue.
House,Casa,A building where people live.,My house is my sanctuary.
Housekeeper,Ama de llaves,A person who manages the household chores and cleaning.,The housekeeper cleans the rooms every day.
Housewife,Ama de casa,A married woman who manages the household and takes care of domestic duties.,The housewife prepared a delicious meal.
How are you?,¿Cómo estás?,A common greeting used to inquire about someone's well-being.,"She greeted her friend and asked, ""How are you?"""
How do you spell your name?,¿Cómo se deletrea tu nombre?,A question used to ask someone to spell their name.,How do you spell your name? It's ...
How is it going?,¿Cómo va todo?,A casual way to ask about someone's current situation or feelings.,"He met his colleague and asked, ""How is it going?"""
How many apples are there?,¿Cuántas manzanas hay?,Used to ask about the quantity of apples.,How many apples are there in the basket?
How much sugar is there?,¿Cuánta azúcar hay?,Used to ask about the quantity of sugar.,How much sugar is there in the jar?
How old are you?,¿Cuántos años tienes?,A question used to ask someone about their age.,How old are you? I am 25 years old.
Hug,Abrazo,To hold someone tightly in your arms to show affection.,She gave her friend a warm hug.
Hungry,Hambriento,Feeling a need to eat.,The hungry child ate quickly.
I,Yo,Personal pronoun used by the speaker to refer to themselves.,I am happy.
"I'm fine, thanks","Estoy bien, gracias","A common response to the question ""How are you?""","When asked how he was, he replied, ""I'm fine, thanks."""
I'm from Italy.,Soy de Italia.,Used to indicate one's country of origin.,I'm from Italy.
I'm okay,Estoy bien,A simple response indicating that one is doing well.,"When asked about her health, she said, ""I'm okay."""
Ice,Hielo,Frozen water.,The lake is covered with ice in the winter.
Ice cream,Helado,"A frozen dessert made from dairy products, sugar, and flavorings.",We had ice cream for dessert.
Ice skate,Patinar sobre hielo,To glide on ice using ice skates.,They love to ice skate in the winter.
Idea,Idea,A thought or suggestion about a possible course of action.,I have a great idea for our project.
Imperative,Imperativo,A grammatical mood used to give commands or make requests.,"""Sit down"" is an imperative sentence."
Imperative form,Forma imperativa,The form of a verb used to give commands or instructions.,"""Close the door"" is in the imperative form."
Important,Importante,Of great significance or value.,It is important to eat healthy.
In,En,A preposition used to indicate location or position within something.,The keys are in the drawer.
In a minute,En un minuto,A phrase used to indicate that something will happen very soon.,"""I'll be there in a minute,"" he promised."
In front of,Delante de,Indicates a position ahead or before something.,The car is parked in front of the building.
In order to,Para,Used to express the purpose or reason for something.,She studies hard in order to pass her exams.
Indefinite,Indefinido,Not clearly defined or determined.,An indefinite article is used when referring to something not specific.
Information,Información,Facts or details about a subject.,I need more information about the project.
Inside,Adentro,Refers to the internal side of something.,The keys are inside the drawer.
Install,Instalar,To set up or put something in place for use.,He installs new software on his computer.
Instructions,Instrucciones,Directions or guidelines on how to do something.,The teacher gave clear instructions for the assignment.
Instruments,Instrumentos,"Tools or devices used to perform specific tasks, especially in music.",He plays several musical instruments.
Inteligent,Inteligente,Having or showing intelligence.,The intelligent student solved the problem.
Into,Dentro de,Indicates movement toward the inside of something.,She went into the house.
Introduce,Presentar,To make someone known by name to another person.,Let me introduce you to my friend.
Iron,Plancha,A device used to press clothes to remove wrinkles.,She used an iron to smooth her shirt.
Is there any sugar?,¿Hay algo de azúcar?,Used to ask if there is any sugar present.,Is there any sugar in the tea?
It,Eso / Él / Ella (para objetos o animales),"Personal pronoun used to refer to objects, animals, or concepts.",It is a sunny day.
Its,Su(s) - de eso,"A possessive adjective used to indicate ownership or association with an object, animal, or concept.",The cat licked its paw.
Jacket,Chaqueta,"A piece of clothing worn on the upper body, typically with sleeves and a front opening.",He is wearing a leather jacket.
January,Enero,The first month of the year.,My birthday is in January.
Jar,Tarro / Frasco,"A cylindrical container with a wide mouth, used for storing food or other items.",I keep cookies in a glass jar.
Jeans,Vaqueros / Pantalones vaqueros,Casual pants made of denim fabric.,He is wearing blue jeans.
Job,Trabajo / Empleo,A paid position of regular employment.,He found a new job last week.
Juice,Jugo / Zumo,A liquid extracted from fruits or vegetables.,I drink orange juice for breakfast.
July,Julio,The seventh month of the year.,Independence Day is in July.
Jump,Saltar,To push oneself off the ground and into the air using the legs.,The kids love to jump on the trampoline.
June,Junio,The sixth month of the year.,School ends in June.
Key,Llave,A small metal object used to open locks.,He used a key to unlock the door.
Keyboard,Teclado,A set of keys used to input data into a computer.,He typed the report using the keyboard.
Kid,Niño / Niña,An informal term for a child.,The kids are having fun at the playground.
Kind,Amable,Friendly and nice to other people.,She is very kind to everyone she meets.
Kiss,Beso,"A touch or caress with the lips as a sign of love, affection, or greeting.",They shared a kiss under the mistletoe.
Kisses,Besos,When you touch someone with your lips to show love or care.,She gave her mother kisses before leaving.
Knife,Cuchillo,A tool with a sharp blade used for cutting.,Be careful when using a knife to chop vegetables.
Lamb chops,Chuletas de cordero,Cuts of meat from the rib or loin of a lamb.,He grilled lamb chops with rosemary and garlic.
Language,Idioma / Lengua,A system of communication used by a particular community or country.,English is a widely spoken language.
Last name,Apellido,The family name that comes after a person's first name.,Her last name is Morales.
Late,Tarde,After the expected or usual time.,I am late for the meeting.
Laugh,Reír,To make sounds and movements of the face and body that express amusement or happiness.,They laugh at funny jokes.
Lay,Acostar / Poner,To place something down in a flat position.,She lays the book on the table.
Leather,Cuero,A durable and flexible material made from animal skin.,The jacket is made of leather.
Leave,Salir / Irse,To go away from a place.,They will leave the party early.
Legs,Piernas,The parts of the body we use to stand and walk.,He ran fast using his strong legs.
Lemon,Limón,A yellow citrus fruit known for its sour taste.,I squeezed lemon juice into my tea.
Lesson,Lección,A unit of teaching or instruction.,We have a new lesson today.
Let's go,Vamos,An expression used to suggest going somewhere.,Let's go to the park.
Lettuce,Lechuga,A leafy green vegetable often used in salads.,I made a salad with lettuce and tomatoes.
Library,Biblioteca,A place where books and other materials are kept for reading or borrowing.,I borrowed a book from the library.
Lie,Mentir / Yacer,To be in a horizontal position / To tell an untruth.,He lies on the bed to rest. / She lies about her age.
Light,Luz,The natural agent that makes things visible.,The room is filled with light from the windows.
Light green,Verde claro,A pale shade of green.,The leaves on the trees are light green in spring.
Like,Gustar,To find something enjoyable or agreeable.,I like reading books in my free time.
Listen to,Escuchar,To pay attention to sound.,She loves to listen to music.
Listen to me,Escúchame,A phrase used to ask someone to pay attention to what you are saying.,"""Listen to me,"" the teacher said to the students."
Lobster,Langosta,"A large marine crustacean with a hard shell, prized as food.",He ordered a lobster dinner at the restaurant.
Long,Largo,Measuring a great distance from end to end.,The long road leads to the city.
Look at,Mirar,To direct one's gaze towards something or someone.,Look at the beautiful sunset.
Lose,Perder,To be unable to find something or someone.,I always lose my keys when I'm in a hurry.
Love,Amor,A deep feeling of affection and care.,Love is an important part of life.
Lovely,Encantador / Encantadora,"Something or someone that is delightful, charming, or beautiful.",She has a lovely smile.
Lunch,Almuerzo,A meal eaten in the middle of the day.,We usually have lunch at noon.
Made of,Hecho de,Used to indicate the material from which something is made.,The table is made of wood.
Mall,Centro comercial,A large building or complex containing various shops and businesses.,We went shopping at the mall.
Man,Hombre,An adult male human being.,The man is reading a newspaper.
Many,Muchos / Muchas,A large number of people or things.,There are many stars in the sky.
March,Marzo,The third month of the year.,Spring begins in March.
Marker,Marcador,"A writing instrument with a broad tip, used for making marks or highlighting text.",I use a marker to highlight important information.
Market,Mercado,A place where goods and services are bought and sold.,She went to the market to buy fresh vegetables.
Married,Casado / Casada,The state of being legally united to a spouse.,They are married and have two children.
Marry,Casar,To enter into a legal marriage with someone.,They decided to marry after dating for five years.
Mashed potatoes,Puré de papas,Potatoes that have been boiled and then mashed to a smooth consistency.,She served mashed potatoes with gravy.
Match,Partido / Coincidir,A sports competition or game; to pair or correspond.,The soccer match was exciting. / Their interests match perfectly.
Materials,Materiales,Things used to make or build something.,The project requires various materials like wood and paint.
Mattress,Colchón,A large pad used for sleeping on a bed.,The mattress is very comfortable.
May,Mayo,The fifth month of the year.,May is a popular month for weddings.
Mechanic,Mecánico,A person who repairs and maintains vehicles.,The mechanic fixed the car's engine.
Medicine,Medicina,A substance used to treat illness or injury.,The doctor prescribed medicine for my cold.
Meet,Encontrarse / Reunirse,To come together with someone.,We will meet at the café.
Meeting,Reunión,When people come together to talk or decide something.,We have a meeting scheduled for tomorrow.
Message,Mensaje,Words you send or give to another person.,I received a message from my friend yesterday.
Middle name,Segundo nombre,A name given to a person that is between their first and last names.,My middle name is Franchesco.
Milionaire,Millonario / Millonaria,A person who has a net worth of at least one million units of currency.,He became a millionaire through his business.
Milk,Leche,"A white liquid produced by mammals, commonly consumed as a beverage.",I drink milk every morning.
Mirror,Espejo,A thing made of glass where you can see your reflection.,I checked myself in the mirror before leaving the house.
Mom,Mamá,A female parent.,My mom makes the best cookies.
Monday,Lunes,The first day of the week.,I have a meeting on Monday.
Money,Dinero,A medium of exchange in the form of coins and banknotes.,He saved enough money to buy a new car.
Moon,Luna,"The natural satellite of the Earth, visible at night.",The moon shines brightly in the night sky.
More,Más,"A greater quantity, amount, or degree.",I need more time.
Mother,Madre,A female parent.,My mother cooks delicious meals.
Mountains,Montañas,Large natural elevations of the earth's surface.,They went hiking in the mountains last summer.
Mouse,Ratón,A small rodent; also a computer input device.,The mouse ran across the floor. / Click the mouse to select the icon.
Mushrooms,Champiñones,Edible fungi that are often used in cooking.,They sautéed mushrooms with garlic and butter.
My,Mi(s),A possessive adjective used to indicate ownership or association with the speaker.,This is my book.
My brother is about the same,Mi hermano es más o menos igual,A phrase used to compare someone to another person in terms of characteristics or abilities.,"""My brother is about the same as me in height,"" she explained."
Napkin,Servilleta,A piece of cloth or paper used at meals to wipe the mouth and hands.,Please pass me a napkin.
Nationality,Nacionalidad,The status of belonging to a particular nation.,What is your nationality?
Navy,Marino,A dark shade of blue.,He wore a navy suit.
Necessary,Necesario,Required to be done or achieved.,It is necessary to study for the exam.
Need,Necesitar,To require something because it is essential or very important.,You need to study hard to pass the exam.
Negative,Negativo,A statement that expresses denial or refusal.,His answer was negative; he cannot come to the party.
Neighbor,Vecino,A person who lives near your house.,Our neighbor is very friendly and helpful.
Nephew,Sobrino,The son of one's sibling.,My nephew is very energetic.
New,Nuevo / Nueva,"Something that has recently come into existence or has been made, acquired, or discovered.",I bought a new car.
Newscaster,Locutor de noticias,A person who presents news on television or radio.,The newscaster reported the latest events.
Newspaper,Periódico,"A printed publication containing news, articles, and advertisements.",He reads the newspaper every morning.
Next to,Al lado de,Indicates a position beside or adjacent to something.,The bank is next to the grocery store.
Nice,Agradable / Simpático,Pleasant or enjoyable; friendly and kind.,She is a nice person.
Niece,Sobrina,The daughter of one's sibling.,My niece is very creative.
Night table,Mesa de noche,A small table placed beside a bed.,She keeps a lamp on her night table.
Nightgown,Camisón,A loose-fitting garment worn by women for sleeping.,She wore a comfortable nightgown to bed.
Note,Nota,"A brief record of facts, topics, or thoughts.",I wrote a note to remind myself.
Notebook,Cuaderno,A book of blank or ruled pages for writing notes.,I keep my class notes in a notebook.
November,Noviembre,The eleventh month of the year.,Thanksgiving is in November.
Number,Número,A mathematical value used for counting or measuring.,The number five comes after four.
Nurse,Enfermero / Enfermera,"A person who cares for the sick or injured, typically in a hospital.",The nurse took care of the patients.
Nylon,Nailon,A synthetic fabric known for its strength and elasticity.,The bag is made of nylon.
Object,Objeto,A material thing that can be seen and touched.,The vase is a beautiful object on the table.
Object pronouns,Pronombres de objeto,Pronouns that receive the action of the verb in a sentence.,"In ""She sees him,"" ""him"" is an object pronoun."
Oceans,Océanos,Large bodies of saltwater that cover most of the Earth's surface.,The oceans are home to many marine species.
October,Octubre,The tenth month of the year.,Halloween is in October.
Office,Oficina,"A room or building where people work, typically for administrative or professional tasks.",She works in an office downtown.
Old,Viejo,Having lived for a long time; not young.,The old house is haunted.
Olive,Oliva,A dark yellowish-green color.,The olive tree is beautiful.
Omelette,Tortilla (de huevo),A dish made from beaten eggs cooked with various ingredients.,I had an omelette for breakfast.
On,Sobre / En,A preposition used to indicate position above or in contact with a surface.,The book is on the table.
Onion,Cebolla,"A vegetable with a strong flavor and smell, often used in cooking.",I chopped an onion for the recipe.
Operate,Operar,To control or manage a machine or system.,He operates the machinery at work.
Orange,Naranja,"A round citrus fruit with a tough skin and sweet, juicy flesh.",I like to drink orange juice.
Orange juice,Jugo de naranja,A beverage made by extracting the liquid from oranges.,I like to have a glass of orange juice with my breakfast.
Order,Ordenar,"To arrange or request something to be made, supplied, or served.",I would like to order a pizza for delivery.
Our,Nuestro(s) / Nuestra(s),A possessive adjective used to indicate ownership or association with a group that includes the speaker.,This is our school.
Out of,Fuera de,Indicates being beyond the limits of something.,He stepped out of the room.
Outbox,Bandeja de salida,A tray used to hold outgoing mail or documents.,She placed the letters in the outbox.
Outside,Afuera,Refers to the external side of something.,The kids are playing outside.
Over,Sobre / Encima de,Indicates a position higher than something else.,The lamp is over the table.
Ownership,Propiedad,The state or fact of owning something.,The ownership of the car is in my name.
Ox,Buey,A domesticated bovine animal used for work or meat.,The ox pulled the cart.
Pain,Dolor,A bad feeling in your body when you are hurt or sick.,He felt a sharp pain in his leg.
Paint,Pintar,To apply color to a surface using a brush or other tools.,She paints pictures as a hobby.
Panties,Bragas / Calzones,A piece of women's underwear that covers the lower part of the body.,She packed her panties for the trip.
Parent,Padre/Madre,A mother or father.,My parent is my role model.
Party,Fiesta,"A time when people meet to have fun, eat, or dance.",We are throwing a birthday party for my sister.
Pear,Pera,A sweet fruit with a rounded base and tapering top.,I ate a pear for a snack.
Peas,Guisantes / Chícharos,"Small, round green vegetables that grow in pods.",I like to eat peas with my meals.
Pen,Bolígrafo / Pluma,A writing instrument that uses ink to write on paper.,I wrote a letter using my favorite pen.
Pencil,Lápiz,A writing instrument made of wood or plastic with a graphite core.,I need a pencil to write.
People,Gente / Personas,Human beings in general or a group of individuals.,There are many people at the event.
Pet,Mascota,An animal you keep at home for fun or company.,I have a pet dog named Rex.
Pharmacist,Farmacéutico,A person who prepares and dispenses medications.,The pharmacist filled my prescription.
Photographer,Fotógrafo,A person who takes photographs professionally or as a hobby.,The photographer captured beautiful images of nature.
Pick up,Recoger,To lift something from a surface.,Please pick up your toys.
Picture,Imagen / Foto,"A visual representation of something, such as a photograph or drawing.",I took a picture of the sunset.
Pillow,Almohada,A soft object used to support the head while sleeping.,I like to sleep with a soft pillow.
Pillowcase,Funda de almohada,A cover for a pillow.,She changed the pillowcase before going to bed.
Pink,Rosa,The color of cotton candy and flowers.,The dress is pink.
Pitcher,Jarra,A container with a handle and spout used for pouring liquids.,I poured water from the pitcher into my glass.
Place,Colocar,To put something in a particular position.,She placed the vase on the table.
Plaid,A cuadros,A pattern consisting of crossed horizontal and vertical bands in two or more colors.,The skirt has a plaid design.
Plant,Planta,A living organism that typically grows in soil and has leaves and stems.,I have a plant on my desk.
Plate,Plato,A flat dish used for serving food.,The plate is full of delicious food.
Play,Jugar,"To do something for fun, not for work.",The children love to play in the park.
Play music,Tocar música,To perform music using an instrument or voice.,He plays music in a band.
Pleasant,Agradable / Placido,Giving a sense of happy satisfaction or enjoyment.,We had a pleasant walk in the park.
Please,Por favor,A polite way to ask for something.,Could you please help me?
Pleasure,Placer,A feeling of happiness or satisfaction.,It was a pleasure to meet you.
Plumber,Plomero,A person who installs and repairs water supply and drainage systems.,The plumber fixed the leaking faucet.
Plural,Plural,A grammatical form used to indicate more than one person or thing.,"The plural of ""cat"" is ""cats."""
Polka-dot,De lunares,A pattern consisting of an array of filled circles.,The dress has a polka-dot pattern.
Polyester,Poliéster,A synthetic fabric that is durable and resistant to shrinking and stretching.,The dress is made of polyester.
Poster,Póster,A large printed picture or advertisement.,He put a poster of his favorite band on the wall.
Print,Estampado,A pattern or design printed on fabric.,The blouse has a floral print.
Printer,Impresora,A device that produces physical copies of digital documents.,He printed the report using the printer.
Printout,Impresión,A physical copy of a digital document.,She reviewed the printout of her essay.
Projector,Proyector,A device that projects images or videos onto a surface.,The teacher used a projector for the presentation.
Pronoun,Pronombre,A word that takes the place of a noun in a sentence.,"""He"" is a pronoun used to refer to a male individual."
Propose to,Proponer matrimonio,To ask someone to marry you.,He plans to propose to his girlfriend next month.
Pullover,Suéter / Jersey,A knitted garment worn on the upper body for warmth.,She is wearing a woolen pullover.
Purple,Púrpura,A color between blue and red.,The sky turned purple at sunset.
Purse,Bolso,A small bag used by women to carry personal items.,She carries her wallet and keys in her purse.
Put,Poner,To place something in a particular position.,Put the book on the table.
Put (on),Ponerse,To place clothing or accessories on one's body.,She will put on her jacket before going outside.
Question,Pregunta,Something you ask to get information.,She asked a question about the homework.
Questionnaire,Cuestionario,A set of printed or written questions used for gathering information.,The survey included a detailed questionnaire.
Radio,Radio,A device used to receive and play audio broadcasts.,I listen to music on the radio.
Raincoat,Impermeable,A waterproof coat worn to protect against rain.,He wore a raincoat during the storm.
Raspberry ice cream,Helado de frambuesa,A frozen dessert made with raspberries and cream.,She enjoyed a scoop of raspberry ice cream on a hot day.
Razor blade,Hoja de afeitar,"A thin, sharp piece of metal used for shaving.",He replaced the razor blade in his razor.
Read,Leer,To look at and comprehend the meaning of written or printed matter.,He likes to read books before bed.
Reading,Lectura,The action or skill of reading written or printed matter silently or aloud.,She enjoys reading books.
Really,Realmente,Used to emphasize a statement or opinion.,I really like this song.
Red,Rojo,The color of fire and blood.,She wore a red dress.
Refrigerator,Refrigerador,An appliance used to keep food and drinks cold.,I store my groceries in the refrigerator.
Relatives,Parientes,People related by blood or marriage.,I visit my relatives during the holidays.
Remote control,Control remoto,A device used to operate electronic equipment from a distance.,I use the remote control to change the TV channels.
Repair,Reparar,To fix or restore something that is broken or damaged.,He repairs cars in his garage.
Research,Investigación,The systematic investigation into and study of materials and sources.,He conducted research for his thesis.
Rest,Descanso,A period of time spent doing nothing or sleeping.,"After a long day, I need some rest."
Restaurant,Restaurante,A place where meals are prepared and served to customers.,We went to a restaurant for dinner.
Rice,Arroz,A staple food made from the grains of the rice plant.,I cooked rice for dinner.
Rich,Rico / Rica,Having a great deal of money or assets; wealthy.,He is a rich businessman.
Ride,Montar,To sit on and control the movement of an animal or vehicle.,He likes to ride his bike in the park.
Right away,Enseguida / Ahora mismo,Immediately; without delay.,I will do it right away.
Right now,Ahora mismo,At this very moment.,I am busy right now.
Ring,Anillo,A circular band worn on the finger as jewelry or a symbol.,She wears a ring on her finger.
Ring binder,Archivador de anillas,A binder with rings used to hold punched documents.,He organized his notes in a ring binder.
Ripe,Maduro / Madura,A fruit or vegetable that is fully developed and ready to eat.,The bananas are ripe.
Robe,Bata,"A loose-fitting garment worn over clothes, often used for lounging or after bathing.",She put on a robe after her shower.
Roller skate,Patinar sobre ruedas,To glide on a hard surface using roller skates.,She enjoys roller skating at the rink.
Rug,Alfombra pequeña,A small piece of thick fabric used to cover part of a floor.,The rug in the hallway is very colorful.
Ruler,Regla,A tool used for measuring length or drawing straight lines.,The student used a ruler to draw a straight line.
Run,Correr,To move quickly on foot.,They run in the park every morning.
Sad,Triste,Feeling unhappy or not good.,She felt sad after hearing the bad news.
Sail,Navegar,To travel on water in a boat or ship.,They will sail across the lake this afternoon.
Sailor,Marinero,A person who works on a ship or boat.,The sailor navigated the ship through rough waters.
Same,Mismo / Misma,Identical or unchanged.,We have the same shoes.
Sand,Arena,Fine particles of rock and mineral found on beaches and deserts.,The children are playing in the sand.
Saturday,Sábado,The sixth day of the week.,I like to relax on Saturday.
Saucer,Platillo,"A small, shallow dish used to hold a cup.",I placed my teacup on the saucer.
Saw,Serruchar,To cut something using a saw.,He saws wood to make furniture.
Scarf,Bufanda,A piece of fabric worn around the neck for warmth or fashion.,She wore a red scarf.
School,Escuela,An institution for educating children or providing instruction in a particular subject.,The children go to school every day.
Screen,Pantalla,A surface on which images and data are displayed.,She adjusted the brightness of the computer screen.
Sea,Mar,A large body of saltwater that covers most of the Earth's surface.,We went swimming in the sea.
Seaside,Costa,The area where the land meets the sea.,We stayed at a hotel by the seaside.
Seat,Asiento,"A place to sit, such as a chair or bench.",Please take a seat.
See,Ver,To perceive with the eyes.,I can see the mountains from my window.
See you later,Nos vemos luego,A phrase used to say goodbye with the intention of meeting again.,See you later at the party.
Sell,Vender,To exchange goods or services for money.,She sells handmade crafts at the market.
Sentence,Oración,A set of words that express a complete thought.,This is a simple sentence.
September,Septiembre,The ninth month of the year.,School starts in September.
Shake,Sacudir,To move something back and forth or up and down with quick movements.,He had to shake the bottle before opening it.
Shampoo,Champú,A liquid used for washing hair.,She washed her hair with shampoo.
Sharpener,Sacapuntas,A device used to sharpen pencils.,I need a sharpener for my pencil.
Shaving cream,Crema de afeitar,A cream applied to the skin to soften hair before shaving.,He applied shaving cream before using the razor.
Shaving kit,Kit de afeitado,A set of tools and products used for shaving.,He bought a new shaving kit for his grooming routine.
She,Ella,Personal pronoun used to refer to a female individual.,She is my sister.
She's getting a suntan,Ella se está bronceando.,To become darker in color due to exposure to the sun.,She's getting a suntan at the beach.
She's wearing a pink bathing suit,Ella está usando un traje de baño rosa.,To have clothing or accessories on one's body.,She's wearing a pink bathing suit at the beach.
Sheets,Sábanas,Pieces of fabric used to cover a mattress.,She changed the sheets on the bed.
Shelf,Estante,A flat horizontal surface used for storing or displaying items.,I keep my books on the shelf.
Shine,Brillar,To emit light or reflect light brightly.,The sun shines in the sky.
Shirt,Camisa,"A garment worn on the upper body, typically with buttons down the front.",He is wearing a white shirt.
Shirts,Camisas,Clothes we wear on the top part of our body.,I have several shirts in my wardrobe.
Shoes,Zapatos,Things you wear on your feet to protect them.,I bought a new pair of shoes for the event.
Shop,Tienda,A place where goods are sold.,I went to the shop to buy groceries.
Shopping center,Centro comercial,A large building or complex with many stores and businesses.,We went to the shopping center for some shopping.
Shore,Orilla,The land along the edge of a body of water.,We walked along the shore.
Short,Corto / Bajo,Measuring a small distance from end to end; not tall.,The short man is my uncle.
Shovel,Pala,A tool with a broad blade and handle used for digging or moving material.,He used a shovel to dig a hole.
Show,Mostrar,To present or display something.,Please show me your ID.
Shower,Ducha,A device that sprays water for bathing.,She took a shower after her workout.
Shrimp,Camarón,A small marine crustacean with a slender body and long antennae.,They grilled shrimp for the barbecue.
Sibling,Hermano/a,A brother or sister.,My sibling is my best friend.
Silk,Seda,"A natural fiber produced by silkworms, known for its softness and sheen.",The scarf is made of silk.
Silver,Plateado,The color of silver.,The necklace is silver.
Single,Soltero / Soltera,The state of not being married or in a romantic relationship.,He is single and enjoys his independence.
Singular,Singular,A grammatical form used to indicate one person or thing.,"The singular form of ""dogs"" is ""dog."""
Sip,Sorber,To drink a liquid slowly in small amounts.,She sips her tea carefully.
Sister,Hermana,A female sibling.,My sister is very talented.
Skirt,Falda,A piece of clothing that hangs from the waist and covers the lower part of the body.,She is wearing a red skirt.
Sky,Cielo,The expanse of air over the Earth.,The sky is clear and blue today.
Sleep,Dormir,To rest in a state of unconsciousness.,He sleeps for eight hours every night.
Small,Pequeño,Of a size that is less than normal or usual.,The small dog barked.
Smart,Inteligente,Having or showing a high level of intelligence or cleverness.,She is very smart and always gets good grades.
Smoke,Fumar,To inhale and exhale the smoke of tobacco or other substances.,He decided to quit smoking for his health.
Sneakers,Zapatillas deportivas,Casual athletic shoes designed for comfort and everyday wear.,She bought new sneakers for running.
So many,Tantos / Tantas,A large number of people or things.,There are so many books in the library.
Sofa,Sofá,"A comfortable seat for multiple people, typically upholstered.",We sat on the sofa to watch a movie.
Soldier,Soldado,A person who serves in an army.,The soldier defended his country.
Solid,Sólido,Firm and stable in shape; not liquid or fluid.,The table is made of solid wood.
Some,Algún / Alguna,Used to refer to an unspecified amount or number of something.,I have some friends coming over.
Son,Hijo,A male child of one's parent.,My son is very curious.
Sorry,Lo siento,An expression of apology.,I am sorry for being late.
Spaghetti,Espaguetis,"A type of long, thin pasta made from wheat flour and water.",She cooked spaghetti with tomato sauce for dinner.
Speak,Hablar,To communicate using words.,She can speak three languages.
Speech,Discurso,Talking in front of people to share ideas or feelings.,He gave a powerful speech at the conference.
Spell,Deletrear,To write or name the letters of a word in the correct order.,Can you spell your name for me?
Spend,Gastar / Pasar,To use money to buy something / To pass time doing something.,He spends money on clothes. / They spend time together on weekends.
Spoon,Cuchara,A utensil used for eating or serving food.,I use a spoon to eat soup.
Spouse,Cónyuge,A husband or wife.,My spouse is my best friend.
Spring,Primavera,The season between winter and summer.,We like to go for walks in spring.
Stairs,Escaleras,A set of steps that connect different levels of a building.,He climbed the stairs to the second floor.
Stapler,Grapadora,A device used to fasten sheets of paper together with staples.,He used a stapler to attach the documents.
Start,Empezar / Comenzar,To begin an activity or process.,They will start the project next week.
Statement,Declaración,A sentence that expresses an idea or fact.,The teacher made a statement about the homework.
Stay,Quedarse,To remain in a particular place or condition.,We will stay at the hotel for two nights.
Steak,Bistec,"A slice of meat, typically beef, that is cooked by grilling or frying.",He ordered a medium-rare steak at the restaurant.
Stereo,Estéreo,A system for reproducing sound using two or more channels to create a sense of spatial distribution.,I listen to music on my stereo system.
Stove,Estufa,A device used for cooking or heating food.,She cooked dinner on the stove.
Straight,Recto / Derecho,Extending in one direction without curves.,Draw a straight line.
String beans,"Ejotes (vainitas, judías verdes)","A type of green vegetable that is long and thin, often used in cooking.",She steamed string beans as a healthy side dish.
Striped,A rayas,Having stripes or bands of color.,She is wearing a striped shirt.
Strong,Fuerte,Having great physical power or strength.,The strong athlete won the race.
Student,Estudiante,A person who is learning.,I am a student at the local high school.
Subject,Sujeto,The person or thing that performs the action in a sentence.,"The subject of the sentence is ""The cat."""
Sugar,Azúcar,"A sweet substance derived from sugarcane or sugar beets, used to sweeten food and drinks.",I put sugar in my coffee.
Summer,Verano,The warmest season of the year.,We go to the beach in summer.
Sun,Sol,The star at the center of our solar system that provides light and heat to the Earth.,The sun is shining brightly.
Sunday,Domingo,The seventh day of the week.,We go to church on Sunday.
Sunset,Atardecer / Puesta de sol,The time in the evening when the sun goes below the horizon.,We watched the beautiful sunset.
Sweat suit,Chándal,"A set of clothing consisting of a sweatshirt and sweatpants, typically worn for exercise or casual wear.",He wore a sweat suit to the gym.
Sweater,Suéter,A knitted garment worn on the upper body for warmth.,She is wearing a warm sweater.
Swim,Nadar,To move through water using the limbs.,They swim in the pool during summer.
Swimming pool,Piscina,A large container filled with water for swimming.,They spent the afternoon at the swimming pool.
Swimming trunks,Bañador / Pantalones de baño,A type of swimwear worn by men for swimming.,He wore swimming trunks at the beach.
T-shirt,Camiseta,A casual shirt with short sleeves and no collar.,He is wearing a blue T-shirt.
Table,Mesa,"A piece of furniture with a flat top and legs, used for eating or working.",We sat at the table for dinner.
Table cloth,Mantel,A piece of fabric used to cover a table.,The tablecloth is decorated with flowers.
Tables,Mesas,"Furniture with a flat top and legs, used for eating or working.",We eat dinner at the dining tables.
Take,Tomar,To get hold of something with your hands.,Please take a seat and make yourself comfortable.
Take a shower,Tomar una ducha,To wash oneself under a spray of water.,He likes to take a shower in the morning.
Take off,Despegar,When an aircraft leaves the ground and begins to fly.,The plane will take off in a few minutes.
Talcum powder,Polvo de talco,A fine powder used to absorb moisture and reduce friction on the skin.,She applied talcum powder after her shower.
Talk,Hablar,To communicate using spoken words.,They talk on the phone every day.
Tall,Alto,Having a greater than average height.,The tall man is my father.
Teacher,Profesor/a,A person who helps others learn.,My teacher is very kind.
Tear,Lagrima,"A drop of clear, salty liquid produced by glands in the eyes.",She wiped away a tear from her cheek.
Teaspoon,Cucharita,A small spoon used for stirring tea or coffee.,I used a teaspoon to add sugar to my tea.
Television,Televisión,"A system for transmitting visual images and sound that are reproduced on screens, primarily used to broadcast programs for entertainment, information, and education.",I watch my favorite shows on television every evening.
Tennis shoes,Zapatillas de tenis,Athletic shoes designed for playing tennis.,She bought new tennis shoes for the match.
Terrific,Estupendo / Fantástico,Something that is extremely good or impressive.,The concert was absolutely terrific.
Thank you,Gracias,A polite expression of gratitude.,Thank you for your help.
That,Ese / Esa,A demonstrative pronoun used to refer to a specific person or thing that is farther from the speaker.,That is my house.
That's great,Eso es genial,A phrase used to express enthusiasm or approval about something.,"""You got the job? That's great!"""
That's right,Eso es correcto,A phrase used to confirm that something is correct or true.,"""2 + 2 = 4."" ""That's right!"""
The,El / La,Definite article used to refer to a specific item or items.,The book is on the table.
Their,Su(s) - de ellos/ellas,A possessive adjective used to indicate ownership or association with a group of people or things.,That is their car.
There are a few apples,Hay unas pocas manzanas,Used to indicate a small number of apples.,There are a few apples in the fridge.
There are three apples,Hay tres manzanas,Used to indicate the number of apples.,There are three apples on the table.
There is a little sugar,Hay un poco de azúcar,Used to indicate a small amount of sugar.,There is a little sugar in the bowl.
There is also a closet,También hay un armario.,A sentence used to indicate the presence of a closet.,There is also a closet for storing clothes.
There is my office,Ahí está mi oficina.,A sentence used to point out one's office.,There is my office where I do my work.
There you go,Ahí tienes,A phrase used when handing something to someone.,"There you go, your book."
These,Estos / Estas,A demonstrative pronoun used to refer to multiple people or things that are close to the speaker.,These are my books.
They,Ellos / Ellas,Personal pronoun used to refer to a group of people or things.,They are my friends.
They're having a good time,Ellos lo están pasando bien.,To enjoy oneself; to have fun.,They're having a good time at the party.
Thick,Grueso,Having a large distance between opposite sides.,The wall is thick.
Thin,Delgado,Having little thickness or width.,The book is thin.
Thirsty,Sediento,Feeling a need to drink.,She is thirsty after running.
This,Esto / Esta,Refers to a specific person or thing that is close to the speaker.,This is my book.
This is my bedroom,Esta es mi habitación.,A sentence used to describe one's bedroom.,This is my bedroom where I sleep and relax.
Those,Esos / Esas,A demonstrative pronoun used to refer to multiple people or things that are farther from the speaker.,Those are my shoes.
Through,A través de,Indicates movement from one side to another.,She walked through the park.
Thursday,Jueves,The fourth day of the week.,I have a dentist appointment on Thursday.
Tie,Corbata,"A piece of cloth worn around the neck, typically by men, for formal occasions.",He wore a tie to the wedding.
Time,Tiempo,The ongoing sequence of events taking place.,Time flies when you're having fun.
Tired,Cansado,In need of sleep or rest; weary.,"After the long hike, I felt very tired."
To ask for a drink,Pedir una bebida,To request a beverage at a restaurant or bar.,He asked for a drink at the counter.
To be in love with,Estar enamorado de,To have strong romantic feelings for someone.,They are in love with each other.
To give a tip,Dar una propina,To provide extra money to someone for their service.,We always give a tip to the waiter at restaurants.
To go on a diet,Estar a dieta,To follow a specific eating plan to lose weight or improve health.,She decided to go on a diet to improve her health.
To have the same hobbies,Tener los mismos pasatiempos,To share similar interests or activities.,"They have the same hobbies, like hiking and painting."
To pay the bill,Pagar la cuenta,To settle the amount owed for goods or services received.,He offered to pay the bill after dinner.
To to the dishes,Lavar los platos,To clean the dishes after a meal.,She always helps to do the dishes.
Today,Hoy,The present day.,I have a meeting today.
Toilet,Inodoro / Baño,"A fixture used for the disposal of human waste, typically consisting of a bowl and a seat.",The bathroom has a clean toilet.
Tooth,Diente,"A hard, calcified structure in the mouth used for biting and chewing.",I brush my teeth every morning.
Towel,Toalla,A piece of absorbent fabric used for drying or wiping.,I use a towel after swimming.
Train,Tren,A series of connected vehicles that run on tracks.,The train arrived at the station on time.
Tree,Árbol,A woody plant that typically has a single stem or trunk and grows to a considerable height.,The tree provides shade in the summer.
Trick,Truco,Something done to fool or surprise someone.,The magician performed an amazing trick.
Trout with almonds,Trucha con almendras,A dish made with trout fish cooked and served with almonds.,They enjoyed trout with almonds at the seafood restaurant.
Truck,Camión,A large motor vehicle used for transporting goods.,The truck delivered the furniture.
Truck driver,Camionero,A person who drives a truck for transporting goods.,The truck driver delivered supplies across the country.
Try,Intentar,To make an effort to do something.,She will try to finish her homework.
Try on,Probarse,To put on clothing to see if it fits or looks good.,She tried on several dresses before choosing one.
Tuesday,Martes,The second day of the week.,We will go shopping on Tuesday.
Turn (off/on),Apagar / Encender,To switch something off or on.,Please turn off the lights when you leave.
Turquoise,Turquesa,A blue-green color that resembles the gemstone turquoise.,She wore a turquoise dress to the party.
Twice,Dos veces,Two times; on two occasions.,He called me twice yesterday.
Ugly,Feo,Unpleasant to look at.,The building is ugly.
Umbrella,Paraguas,"A device used for protection against rain or sunlight, typically consisting of a circular canopy on a folding frame.",I always carry an umbrella in case it rains.
Uncle,Tío,The brother of one's parent.,My uncle is very funny.
Under,Debajo de,A preposition used to indicate a position below or beneath something.,The shoes are under the bed.
Underwear,Ropa interior,"Garments worn beneath outer clothes, typically next to the skin.",He bought new underwear.
Up,Arriba,Indicates a higher position or direction.,The cat climbed up the tree.
Uphill,Cuesta arriba,A slope that goes upward.,The hike was tough because we had to go uphill.
Upstairs,Arriba (en una casa),Refers to the upper floor of a building.,The bedrooms are upstairs.
Use,Usar,To put something into action or service.,I use my computer for work.
Vase,Jarrón,A decorative container used to hold flowers.,The vase is filled with fresh flowers.
Vegetables,Verduras / Vegetales,"Edible plants or parts of plants, such as carrots, spinach, and broccoli.",I eat vegetables every day for a healthy diet.
Very,Muy,To a high degree; extremely.,She is very tall.
Very good,Muy bien,A phrase used to express approval or satisfaction with someone's performance.,He did very good on his exam.
Vet,Veterinario,A person who is qualified to treat sick or injured animals.,The vet examined my dog.
Veterinarian,Veterinario,A person who is qualified to treat sick or injured animals.,The veterinarian treated the injured cat.
Video room,Sala de video,A room equipped for watching videos or movies.,We watched a movie in the video room.
Violet,Violeta,The color of violets and lavender.,The flowers are violet.
Vowel,Vocal,A speech sound produced without any significant constriction of airflow in the vocal tract.,"The letter ""A"" is a vowel."
Wake up,Despertarse,To stop sleeping.,I usually wake up early.
Wall unit,Mueble de pared,A piece of furniture that is attached to or built into a wall for storage or display.,The wall unit holds our TV and books.
Want,Querer,To have a desire for something.,I want to learn how to play the guitar.
Wardrobe,Armario,A piece of furniture used for storing clothes.,I keep my clothes organized in the wardrobe.
Wash,Lavar,To clean something with water and soap.,He washed his car on Saturday.
Washing machine,Lavadora,A machine used for washing clothes automatically.,I put my dirty clothes in the washing machine.
Waste paper basket,Papelera,A container for discarding waste paper.,I threw the old papers into the waste paper basket.
Watch,Reloj,A device used to tell time.,I bought a new watch yesterday.
Water,Agua,"A clear, colorless liquid essential for life.",I drink plenty of water every day.
Water ski,Esquiar en el agua,A sport where a person is pulled behind a boat while standing on skis.,He loves to water ski during the summer.
Wave,Ola,"A moving ridge on the surface of a liquid, especially the sea.",The surfer rode a big wave at the beach.
Way,Camino / Manera,A method or route for going from one place to another.,This is the way to the park.
We,Nosotros / Nosotras,Personal pronoun used to refer to a group that includes the speaker.,We are going to the park.
Weak,Débil,Lacking strength or power.,The weak bridge collapsed.
Wear,Llevar puesto,To have clothing or accessories on one's body.,She wears a hat to protect herself from the sun.
Wednesday,Miércoles,The third day of the week.,My birthday is on Wednesday.
Weekend,Fin de semana,The period from Friday evening to Sunday night.,We like to relax on the weekend.
Weight,Peso,The measure of how heavy something is.,The weight of the box is 10 kilograms.
Weird,Raro / Extraño,Something that is unusual or not normal.,That movie was really weird.
Welcome,Bienvenido / Bienvenida,A greeting used to express hospitality or acceptance.,Welcome to our home!
Welder,Soldador,A person who joins metal parts together using heat.,The welder repaired the metal fence.
Well,Bien,In a good or satisfactory manner.,She sings well.
What,Qué,Used to ask for information about something.,What is your name?
What tiem do you start work?,¿A qué hora empiezas a trabajar?,To inquire about the time someone begins their work.,I start work at 9 AM.
What's this?,¿Qué es esto?,A question used to ask about the identity of a thing.,What's this? Is it a new gadget?
What's your father's name?,¿Cómo se llama tu padre?,A question asking for the name of someone's father.,What's your father's name?
What's your job?,¿Cuál es tu trabajo?,A question asking about someone's occupation.,What's your job?
What's your mother's job?,¿Cuál es el trabajo de tu madre?,A question asking about the occupation of someone's mother.,What's your mother's job?
Where are you from?,¿De dónde eres?,A question asking about someone's country of origin.,Where are you from?
White,Blanco,The color of snow and milk.,The snow is white.
Who,Quién,Used to ask about a person or people.,Who is your best friend?
Who's this?,¿Quién es este/esta?,A question used to ask about the identity of a person or thing.,Who's this? Is he your brother?
Whose,De quién / De quiénes,A question word used to ask about ownership or association.,Whose book is this?
Wife,Esposa,A married woman.,His wife is very kind.
Window,Ventana,An opening in a wall or vehicle that allows light and air to enter.,Please open the window.
Wine,Vino,An alcoholic beverage made from fermented grapes.,We had a glass of wine with dinner.
Winter,Invierno,The coldest season of the year.,It snows in winter.
With,Con,A preposition used to indicate association or accompaniment.,I am going with my friends.
Without,Sin,A preposition used to indicate the absence of something.,I can't live without my phone.
Wolf,Lobo,A wild carnivorous mammal related to the dog.,The wolf howled at the moon.
Woman,Mujer,An adult female human being.,The woman is cooking dinner.
Wool,Lana,"A textile fiber obtained from sheep and other animals, known for its warmth.",The sweater is made of wool.
Word,Palabra,A single distinct meaningful element of speech or writing.,"The word ""hello"" is used as a greeting."
Work,Trabajar,To perform a job or task.,She will work on her assignment tonight.
Worried,Preocupado,Feeling anxious or concerned about something.,He is worried about the exam.
Would you like more meat?,¿Te gustaría más carne?,A polite way to offer someone additional food.,Would you like more meat?
Write,Escribir,"To form letters, words, or symbols on a surface using a pen, pencil, or other tools.",He writes stories in his notebook.
Yard,Patio / Jardín,"An area of land next to a house, often used for gardening or recreation.",The children are playing in the yard.
"Yeah, I know","Sí, lo sé",A phrase used to acknowledge understanding or agreement with someone.,"When told about the plan, he replied, ""Yeah, I know."""
Yellow,Amarillo,The color of the sun and bananas.,The sun is yellow.
"Yes, there are some apples","Sí, hay algunas manzanas",Used to confirm the presence of apples.,"Yes, there are some apples in the basket."
"Yes, there is some sugar","Sí, hay algo de azúcar.",Used to confirm the presence of sugar.,"Yes, there is some sugar in the container."
You,Tú / Usted,Personal pronoun used to refer to the person being spoken to.,You are my friend.
Young,Joven,Having lived or existed for a short time.,The young girl is playing.
Your,Tu(s) / Su(s),A possessive adjective used to indicate ownership or association with the person being spoken to.,Is this your car?
Your brother is really cute,Tu hermano es realmente lindo,A phrase used to compliment someone's brother on his appearance or behavior.,"""Your brother is really cute,"" she said with a smile."